{"chunk_definitions":[{"row":64,"row_count":1,"visible":true,"expansion_state":0,"options":{"engine":"r","label":"unnamed-chunk-5","dev":"png"},"document_id":"0FED3FF3","chunk_id":"ccts1mi9pj3cm","chunk_label":"unnamed-chunk-3"},{"row":85,"row_count":1,"visible":true,"expansion_state":0,"options":{"engine":"r","label":"unnamed-chunk-6","dev":"png"},"document_id":"0FED3FF3","chunk_id":"cqiydq91c4m1p","chunk_label":"unnamed-chunk-4"},{"row":98,"row_count":1,"visible":true,"expansion_state":0,"options":{"engine":"r","label":"unnamed-chunk-7","dev":"png"},"document_id":"0FED3FF3","chunk_id":"ckhba4do5ofqw","chunk_label":"unnamed-chunk-5"},{"row":113,"row_count":1,"visible":true,"expansion_state":0,"options":{"engine":"r","label":"Constructors Wins Graph","dev":"png"},"document_id":"0FED3FF3","chunk_id":"c1x9vgltl225d","chunk_label":"Constructors Wins Graph"},{"row":127,"row_count":1,"visible":true,"expansion_state":0,"options":{"engine":"r","label":"unnamed-chunk-8","dev":"png"},"document_id":"0FED3FF3","chunk_id":"c28pavxj0z27l","chunk_label":"unnamed-chunk-6"},{"row":166,"row_count":1,"visible":true,"expansion_state":0,"options":{"engine":"r","label":"unnamed-chunk-9","dev":"png"},"document_id":"0FED3FF3","chunk_id":"ctk4udxe9ioqk","chunk_label":"unnamed-chunk-7"}],"doc_write_time":1746549194}