{"chunk_definitions":[{"row":19,"row_count":1,"visible":true,"expansion_state":0,"options":{"engine":"r","message":false,"warning":false,"include":false,"label":"unnamed-chunk-1","dev":"png"},"document_id":"0FED3FF3","chunk_id":"csg0wmpdw1482","chunk_label":"unnamed-chunk-1"},{"row":42,"row_count":1,"visible":true,"expansion_state":0,"options":{"engine":"r","message":false,"warning":false,"label":"unnamed-chunk-2","dev":"png"},"document_id":"0FED3FF3","chunk_id":"cdk7gtt0tib5q","chunk_label":"unnamed-chunk-2"},{"row":74,"row_count":1,"visible":true,"expansion_state":0,"options":{"engine":"r","label":"unnamed-chunk-3","dev":"png"},"document_id":"0FED3FF3","chunk_id":"ccts1mi9pj3cm","chunk_label":"unnamed-chunk-3"},{"row":87,"row_count":1,"visible":true,"expansion_state":0,"options":{"engine":"r","label":"unnamed-chunk-6","dev":"png"},"document_id":"0FED3FF3","chunk_id":"cqiydq91c4m1p","chunk_label":"unnamed-chunk-4"},{"row":100,"row_count":1,"visible":true,"expansion_state":0,"options":{"engine":"r","label":"unnamed-chunk-7","dev":"png"},"document_id":"0FED3FF3","chunk_id":"ckhba4do5ofqw","chunk_label":"unnamed-chunk-5"},{"row":115,"row_count":1,"visible":true,"expansion_state":0,"options":{"engine":"r","label":"Constructors Wins Graph","dev":"png"},"document_id":"0FED3FF3","chunk_id":"c1x9vgltl225d","chunk_label":"Constructors Wins Graph"},{"row":129,"row_count":1,"visible":true,"expansion_state":0,"options":{"engine":"r","label":"unnamed-chunk-8","dev":"png"},"document_id":"0FED3FF3","chunk_id":"c28pavxj0z27l","chunk_label":"unnamed-chunk-6"},{"row":168,"row_count":1,"visible":true,"expansion_state":0,"options":{"engine":"r","label":"unnamed-chunk-9","dev":"png"},"document_id":"0FED3FF3","chunk_id":"ctk4udxe9ioqk","chunk_label":"unnamed-chunk-7"}],"doc_write_time":1746549852}