{"chunk_definitions":[{"row":19,"row_count":1,"visible":true,"expansion_state":0,"options":{"engine":"r","message":false,"warning":false,"include":false,"label":"unnamed-chunk-1","dev":"png"},"document_id":"0FED3FF3","chunk_id":"csg0wmpdw1482","chunk_label":"unnamed-chunk-1"},{"row":45,"row_count":1,"visible":true,"expansion_state":0,"options":{"engine":"r","message":false,"warning":false,"label":"unnamed-chunk-2","dev":"png"},"document_id":"0FED3FF3","chunk_id":"cdk7gtt0tib5q","chunk_label":"unnamed-chunk-2"},{"row":80,"row_count":1,"visible":true,"expansion_state":0,"options":{"engine":"r","label":"unnamed-chunk-12","dev":"png"},"document_id":"0FED3FF3","chunk_id":"cbb4dwxtiavcq","chunk_label":"unnamed-chunk-4"}],"doc_write_time":1746555696}